"temperature","humidity","pressure","image"
68,65,29.63,0
63,78,29.64,0
61,83,29.64,0
60,86,29.65,0
59,87,29.65,0
61,87,29.66,0
61,87,29.68,0
65,84,29.69,0
73,66,29.71,0
78,50,29.71,0
81,47,29.72,0
83,42,29.71,0
84,43,29.7,0
88,30,29.69,0
87,32,29.68,0
88,31,29.66,0
88,31,29.66,0
87,35,29.66,0
86,36,29.66,0
79,48,29.67,0
72,64,29.69,0
70,68,29.71,0
68,76,29.72,0
67,79,29.73,0
64,87,29.74,0
64,87,29.75,0
63,90,29.75,1
63,87,29.77,1
60,93,29.79,1
63,90,29.81,1
66,78,29.84,1
69,65,29.86,1
71,59,29.87,1
75,53,29.88,1
77,54,29.88,1
81,49,29.88,1
83,46,29.87,1
84,43,29.86,1
87,39,29.85,1
85,43,29.84,0
84,43,29.84,0
84,44,29.84,0
82,49,29.84,0
79,56,29.85,0
76,67,29.86,0
76,67,29.87,0
75,71,29.88,0
73,79,29.89,0
73,79,29.9,0
72,81,29.9,0
71,84,29.9,0
71,84,29.9,0
71,84,29.9,0
72,81,29.9,0
71,84,29.91,0
71,87,29.91,0
70,87,29.9,0
71,87,29.91,0
69,90,29.91,0
69,90,29.92,0
71,87,29.92,0
70,90,29.92,0
75,82,29.92,0
77,79,29.92,0
78,74,29.93,0
77,79,29.93,0
82,62,29.92,0
83,58,29.9,0
84,58,29.9,0
84,56,29.88,0
86,53,29.86,0
87,51,29.84,0
87,49,29.82,0
86,53,29.82,0
83,58,29.8,0
79,64,29.8,0
78,68,29.82,0
76,69,29.83,0
75,66,29.83,0
74,71,29.83,0
73,76,29.83,0
71,81,29.83,0
70,84,29.82,0
70,84,29.82,0
69,87,29.81,0
70,87,29.81,0
69,87,29.81,0
72,84,29.82,0
75,79,29.82,0
79,72,29.82,0
83,63,29.81,0
87,53,29.79,0
87,51,29.78,0
87,51,29.76,0
89,46,29.73,0
87,51,29.71,0
87,51,29.7,0
86,51,29.7,0
84,56,29.7,0
82,60,29.71,0
81,60,29.73,0
79,62,29.74,0
79,60,29.74,0
77,64,29.74,0
76,64,29.74,0
75,66,29.73,0
73,73,29.73,0
73,73,29.72,0
73,73,29.72,0
73,73,29.72,0
72,78,29.73,0
73,79,29.75,0
75,76,29.75,0
76,76,29.74,0
78,71,29.75,0
81,69,29.74,0
84,63,29.73,0
84,61,29.71,0
78,74,29.7,0
82,69,29.69,0
79,77,29.7,0
82,65,29.68,0
83,60,29.68,0
79,69,29.68,0
77,79,29.67,0
76,82,29.67,0
77,79,29.67,0
75,84,29.68,0
75,84,29.68,0
75,84,29.68,0
75,84,29.67,0
73,93,29.67,0
73,93,29.66,0
73,93,29.65,0
72,97,29.63,0
72,97,29.6,0
72,97,29.61,0
72,97,29.62,0
73,93,29.58,0
73,93,29.59,0
72,97,29.58,0
72,93,29.59,0
72,93,29.59,0
72,93,29.59,0
72,93,29.6,0
72,93,29.59,0
74,87,29.61,0
77,79,29.62,0
75,84,29.61,0
80,71,29.61,0
83,63,29.61,0
85,55,29.6,0
85,57,29.59,0
86,55,29.57,0
84,55,29.57,0
84,53,29.58,0
82,60,29.59,0
80,67,29.61,0
77,79,29.62,0
74,85,29.64,0
73,87,29.64,0
73,87,29.64,0
72,91,29.63,0
72,91,29.63,0
72,91,29.62,1
72,91,29.63,1
72,87,29.61,1
71,90,29.62,1
71,90,29.61,1
72,87,29.61,1
70,97,29.62,1
71,93,29.62,1
70,97,29.63,1
70,97,29.63,1
71,90,29.64,1
71,93,29.64,1
70,97,29.63,1
71,93,29.64,1
71,93,29.64,1
71,93,29.64,1
71,93,29.64,1
71,93,29.64,1
71,93,29.64,1
71,93,29.64,1
71,93,29.64,1
71,93,29.64,1
71,93,29.64,1
71,93,29.64,1
72,91,29.64,1
72,91,29.64,1
72,91,29.64,1
72,93,29.64,1
74,87,29.63,1
73,90,29.64,1
74,87,29.63,1
74,85,29.63,1
75,82,29.62,1
76,79,29.62,1
73,84,29.61,1
73,90,29.6,1
73,90,29.61,1
72,93,29.61,1
72,93,29.61,1
73,90,29.58,0
74,85,29.6,0
73,84,29.58,0
71,90,29.58,0
72,84,29.58,0
71,90,29.6,0
71,87,29.6,0
70,87,29.61,0
69,90,29.63,0
69,90,29.63,0
69,90,29.63,0
69,90,29.63,0
68,93,29.63,0
69,90,29.62,0
69,90,29.62,0
69,87,29.61,0
69,87,29.61,0
69,87,29.61,1
69,87,29.61,1
68,90,29.6,1
68,90,29.6,1
68,90,29.6,1
68,87,29.61,1
69,87,29.61,1
70,84,29.61,1
73,73,29.61,1
73,73,29.61,1
74,71,29.61,1
75,69,29.61,1
74,68,29.61,1
75,66,29.6,1
75,66,29.6,1
78,60,29.58,1
79,56,29.56,0
78,54,29.56,0
77,56,29.56,0
76,60,29.56,0
72,68,29.56,0
67,84,29.57,0
65,90,29.59,0
64,93,29.6,0
66,87,29.61,0
63,93,29.62,0
63,93,29.62,0
62,93,29.62,1
63,93,29.63,1
61,93,29.64,1
60,96,29.65,1
61,97,29.67,1
66,90,29.7,1
71,78,29.71,1
74,71,29.73,1
78,58,29.73,1
79,52,29.73,1
80,52,29.72,1
81,49,29.72,1
82,47,29.71,1
82,45,29.7,0
82,42,29.71,0
81,36,29.72,0
80,38,29.72,0
77,46,29.73,0
73,55,29.74,0
69,63,29.77,0
68,65,29.79,0
65,73,29.81,0
67,73,29.82,0
66,81,29.84,0
65,84,29.84,0
61,97,29.84,1
59,93,29.85,1
58,97,29.85,1
58,97,29.86,1
59,96,29.87,1
63,93,29.89,1
68,84,29.89,1
71,78,29.91,1
73,71,29.92,1
74,68,29.91,1
78,64,29.89,1
79,62,29.89,1
80,58,29.88,1
81,54,29.86,0
80,56,29.84,0
78,64,29.84,0
76,69,29.84,0
75,71,29.84,0
75,71,29.86,0
74,73,29.87,0
73,76,29.86,0
73,79,29.86,0
70,87,29.86,0
71,87,29.84,0
71,90,29.82,1
70,93,29.8,1
71,93,29.79,1
71,93,29.77,1
71,93,29.78,1
71,96,29.78,1
72,94,29.77,1
71,93,29.77,1
71,93,29.77,1
71,93,29.77,1
71,93,29.77,1
71,93,29.78,1
71,96,29.78,1
71,93,29.78,1
71,93,29.77,1
71,96,29.76,1
71,96,29.76,1
71,96,29.77,1
71,96,29.76,1
71,96,29.76,1
71,96,29.76,1
72,97,29.75,1
72,97,29.75,1
72,97,29.75,1
74,93,29.74,1
73,93,29.75,1
75,94,29.72,1
79,82,29.7,1
76,91,29.71,1
79,82,29.67,1
81,77,29.64,0
80,76,29.62,0
80,76,29.63,0
80,74,29.63,0
78,79,29.62,0
76,87,29.61,0
74,93,29.62,0
75,94,29.62,0
75,94,29.62,0
74,93,29.61,0
74,97,29.61,0
73,96,29.6,0
73,96,29.59,0
72,97,29.59,0
73,96,29.57,0
73,96,29.55,1
73,96,29.56,1
73,96,29.54,1
73,96,29.54,1
73,96,29.54,1
73,96,29.53,1
73,93,29.53,1
72,100,29.53,1
72,100,29.53,1
72,100,29.53,1
72,97,29.54,1
72,100,29.54,1
72,97,29.54,1
73,96,29.54,1
75,87,29.54,1
73,96,29.54,1
74,91,29.54,1
73,93,29.54,1
77,82,29.54,1
79,79,29.54,1
78,79,29.54,1
81,74,29.52,1
83,65,29.49,1
80,71,29.46,1
81,70,29.48,1
81,69,29.48,1
82,69,29.48,1
76,85,29.46,0
75,94,29.45,0
79,77,29.47,0
75,87,29.47,0
73,93,29.46,0
72,97,29.47,0
72,93,29.45,0
72,94,29.46,0
73,93,29.46,0
73,93,29.44,0
72,93,29.45,0
72,93,29.45,0
72,97,29.47,0
72,97,29.45,0
73,88,29.48,0
73,87,29.48,0
72,93,29.48,0
71,93,29.48,0
71,93,29.48,0
69,96,29.48,0
70,93,29.47,0
70,93,29.46,1
70,90,29.45,1
70,81,29.45,1
68,87,29.46,1
68,87,29.49,1
69,84,29.51,1
70,68,29.52,1
72,64,29.53,1
74,55,29.53,1
74,46,29.53,1
77,46,29.51,1
79,40,29.5,1
80,40,29.49,1
81,38,29.48,0
80,39,29.48,0
80,38,29.49,0
76,45,29.51,0
72,57,29.53,0
71,55,29.56,0
69,57,29.57,0
69,57,29.59,0
67,61,29.6,0
65,65,29.61,0
64,67,29.62,0
63,67,29.63,1
62,70,29.63,1
60,75,29.65,1
61,72,29.67,1
60,72,29.68,1
62,70,29.7,1
65,65,29.72,1
69,61,29.73,1
73,55,29.74,1
74,55,29.74,1
77,50,29.74,1
79,47,29.73,1
79,47,29.71,1
79,45,29.7,0
79,45,29.71,0
78,48,29.71,0
76,52,29.71,0
72,61,29.72,0
68,73,29.75,0
67,76,29.77,0
64,84,29.79,0
63,87,29.79,0
61,90,29.79,0
66,75,29.79,0
66,75,29.79,1
66,75,29.8,1
63,84,29.8,1
64,80,29.81,1
65,78,29.83,1
67,73,29.86,1
70,71,29.86,1
73,64,29.87,1
75,60,29.87,1
77,56,29.86,1
79,52,29.85,1
80,47,29.84,1
80,43,29.82,1
81,41,29.81,0
80,39,29.81,0
78,42,29.81,0
75,40,29.82,0
70,57,29.83,0
68,61,29.86,0
64,70,29.87,0
61,81,29.87,0
59,83,29.88,0
57,87,29.88,0
56,90,29.88,0
55,89,29.88,1
54,93,29.87,1
55,89,29.87,1
53,93,29.87,1
53,93,29.89,1
54,93,29.89,1
56,93,29.9,1
63,78,29.9,1
67,68,29.91,1
72,53,29.91,1
75,51,29.9,1
77,48,29.88,1
80,43,29.87,1
80,43,29.84,1
80,45,29.82,0
80,47,29.82,0
78,50,29.82,0
75,55,29.83,0
70,68,29.83,0
64,84,29.85,0
63,84,29.86,0
62,86,29.86,0
61,90,29.87,0
60,93,29.87,0
59,93,29.87,0
58,93,29.88,1
57,96,29.88,1
56,97,29.88,1
57,93,29.89,1
58,97,29.89,1
58,97,29.89,1
56,97,29.9,1
59,96,29.91,1
66,84,29.92,1
71,70,29.92,1
75,66,29.93,1
78,54,29.91,1
79,45,29.9,1
81,44,29.89,1
80,45,29.87,1
81,45,29.86,0
80,45,29.85,0
78,50,29.84,0
75,51,29.84,0
71,63,29.84,0
69,70,29.85,0
68,73,29.85,0
65,84,29.84,0
62,90,29.84,0
62,90,29.83,0
62,90,29.82,0
62,86,29.81,1
61,90,29.81,1
59,93,29.8,1
61,90,29.79,1
59,93,29.8,1
61,93,29.8,1
64,87,29.81,1
70,76,29.81,1
74,64,29.81,1
77,58,29.79,1
80,52,29.77,1
82,51,29.75,1
83,49,29.74,1
84,46,29.72,0
84,44,29.71,0
83,47,29.7,0
78,56,29.69,0
74,66,29.69,0
73,71,29.71,0
72,71,29.71,0
70,78,29.71,0
70,78,29.7,0
69,78,29.69,0
65,90,29.68,0
67,84,29.67,1
63,93,29.67,1
62,93,29.67,1
60,96,29.67,1
61,97,29.67,1
61,97,29.67,1
60,96,29.67,1
64,96,29.68,1
71,81,29.68,1
76,64,29.68,1
81,54,29.66,1
84,46,29.65,1
84,44,29.63,1
84,44,29.63,1
86,43,29.62,1
83,46,29.59,1
83,47,29.57,0
84,47,29.57,0
83,49,29.56,0
79,58,29.56,0
75,69,29.56,0
74,71,29.58,0
68,84,29.58,0
68,84,29.59,0
68,84,29.59,0
66,87,29.59,0
64,93,29.58,0
65,90,29.58,1
72,76,29.58,1
71,81,29.59,1
71,81,29.6,1
71,81,29.62,1
72,78,29.64,1
75,66,29.65,1
78,54,29.65,1
79,47,29.65,1
81,45,29.65,1
82,44,29.65,1
81,47,29.63,1
83,41,29.61,1
84,40,29.61,0
84,38,29.61,0
82,41,29.62,0
80,42,29.63,0
77,46,29.63,0
69,65,29.65,0
67,70,29.65,0
65,75,29.66,0
64,78,29.66,0
62,84,29.67,0
60,90,29.65,0
59,90,29.65,1
59,87,29.66,1
59,87,29.65,1
58,90,29.65,1
57,93,29.66,1
59,93,29.68,1
68,78,29.69,1
75,53,29.69,1
79,50,29.69,1
81,47,29.66,1
82,47,29.63,1
84,41,29.61,1
84,44,29.58,1
85,41,29.56,0
85,41,29.54,0
83,46,29.55,0
80,52,29.54,0
77,58,29.54,0
76,58,29.53,0
74,64,29.52,0
73,66,29.51,0
71,73,29.5,0
72,71,29.48,0
71,73,29.46,0
71,75,29.43,1
72,73,29.4,1
70,78,29.4,1
68,84,29.38,1
69,84,29.35,1
70,81,29.35,1
73,76,29.34,1
74,76,29.36,1
75,76,29.35,1
72,91,29.38,1
72,78,29.38,1
72,81,29.38,1
72,76,29.38,1
73,66,29.37,1
73,71,29.38,1
76,43,29.38,1
77,33,29.37,0
77,36,29.4,0
73,38,29.42,0
69,44,29.46,0
66,40,29.49,0
64,43,29.53,0
63,48,29.56,0
61,52,29.57,0
59,60,29.6,0
58,58,29.61,0
56,62,29.63,0
56,57,29.63,1
55,55,29.63,1
54,57,29.64,1
53,59,29.67,1
52,59,29.68,1
53,59,29.71,1
56,55,29.73,1
57,49,29.73,1
59,46,29.75,1
61,41,29.75,1
64,37,29.75,1
66,33,29.72,1
68,30,29.7,1
69,29,29.69,0
69,27,29.69,0
68,30,29.71,0
65,34,29.72,0
62,39,29.74,0
57,51,29.76,0
59,48,29.78,0
57,53,29.78,0
55,59,29.79,0
53,66,29.79,0
51,71,29.8,0
50,80,29.79,1
54,64,29.79,1
50,74,29.81,1
47,83,29.8,1
45,86,29.8,1
50,80,29.8,1
54,69,29.82,1
59,53,29.81,1
62,44,29.8,1
65,43,29.77,1
66,42,29.74,1
67,42,29.71,1
66,45,29.7,1
66,48,29.67,0
66,48,29.65,0
67,51,29.63,0
64,58,29.62,0
59,69,29.62,0
58,75,29.61,0
57,77,29.6,0
57,77,29.59,0
55,83,29.58,0
57,83,29.55,0
56,87,29.54,0
56,87,29.54,1
57,83,29.52,1
57,83,29.51,1
55,86,29.5,1
56,87,29.49,1
58,84,29.48,1
60,80,29.46,1
60,80,29.45,1
63,75,29.44,1
65,73,29.41,1
70,65,29.38,1
74,59,29.35,1
75,60,29.36,1
74,62,29.34,0
74,62,29.34,0
73,66,29.34,0
73,71,29.31,0
74,62,29.3,0
70,65,29.3,0
70,63,29.31,0
68,68,29.34,0
65,75,29.37,0
65,78,29.39,0
62,84,29.41,0
62,80,29.41,0
56,90,29.4,0
57,93,29.4,1
57,93,29.4,1
57,93,29.4,1
57,93,29.4,1
55,93,29.41,1
58,93,29.42,1
63,78,29.41,1
69,61,29.43,1
74,45,29.43,1
74,45,29.43,1
76,38,29.42,1
77,37,29.41,1
74,38,29.4,1
72,44,29.41,0
74,41,29.41,0
71,45,29.43,0
72,41,29.44,0
69,44,29.45,0
65,50,29.47,0
62,58,29.49,0
61,58,29.51,0
62,56,29.52,0
62,53,29.53,0
63,48,29.54,0
61,52,29.54,0
61,52,29.53,1
59,53,29.53,1
59,53,29.54,1
58,56,29.54,1
57,57,29.55,1
58,67,29.57,1
65,48,29.57,1
67,44,29.59,1
68,39,29.6,1
69,38,29.6,1
70,32,29.6,1
68,36,29.6,1
69,33,29.58,1
70,33,29.59,0
70,31,29.61,0
67,36,29.63,0
63,43,29.64,0
62,44,29.67,0
59,53,29.7,0
58,53,29.73,0
56,60,29.74,0
53,64,29.75,0
54,59,29.75,0
50,68,29.76,0
50,68,29.77,1
46,76,29.78,1
44,82,29.79,1
48,74,29.8,1
50,68,29.81,1
48,80,29.83,1
57,57,29.85,1
59,55,29.86,1
62,52,29.87,1
64,50,29.87,1
66,48,29.87,1
69,45,29.86,1
69,45,29.86,1
68,45,29.86,0
67,45,29.87,0
67,49,29.88,0
63,54,29.89,0
60,62,29.91,0
58,70,29.93,0
56,72,29.94,0
57,69,29.96,0
57,69,29.97,0
56,72,29.97,0
53,80,29.98,0
54,80,29.99,1
54,80,30,1
55,74,29.99,1
55,72,30,1
54,77,30.01,1
53,83,30.03,1
57,69,30.05,1
60,62,30.05,1
63,52,30.04,1
65,50,30.04,1
67,47,30.03,1
67,45,30.01,1
69,42,29.99,1
67,45,29.98,0
68,43,29.98,0
65,48,29.98,0
63,52,29.97,0
62,56,29.97,0
61,58,29.97,0
59,62,29.98,0
58,62,29.97,0
56,67,29.98,0
55,69,29.96,0
54,72,29.95,0
54,69,29.94,1
53,71,29.93,1
52,74,29.94,1
52,74,29.95,1
52,74,29.93,1
52,74,29.94,1
53,71,29.94,1
54,72,29.94,1
56,69,29.91,1
58,67,29.9,1
60,67,29.88,1
60,67,29.85,1
60,69,29.82,0
60,67,29.83,0
61,70,29.81,0
60,72,29.8,0
59,78,29.78,0
57,87,29.75,0
57,83,29.71,0
56,84,29.72,0
56,84,29.72,0
55,86,29.69,0
55,89,29.69,0
54,93,29.67,0
54,93,29.65,0
54,93,29.64,0
54,93,29.66,0
53,93,29.64,0
53,93,29.62,0
53,89,29.6,1
53,93,29.57,1
54,93,29.56,1
55,93,29.55,1
55,93,29.55,1
56,93,29.56,1
57,89,29.56,1
57,93,29.56,1
58,93,29.55,1
58,93,29.54,1
58,93,29.54,1
60,90,29.53,1
59,93,29.51,1
60,93,29.5,0
60,96,29.52,0
60,96,29.52,0
61,93,29.52,0
61,93,29.51,0
61,93,29.52,0
61,97,29.52,0
61,93,29.53,0
60,96,29.54,0
60,96,29.54,0
60,96,29.54,0
60,96,29.54,0
60,96,29.54,0
60,96,29.54,0
60,96,29.55,0
60,96,29.54,0
60,96,29.54,0
60,96,29.55,0
60,93,29.54,1
58,97,29.54,1
57,96,29.54,1
58,97,29.54,1
57,93,29.55,1
56,97,29.57,1
57,94,29.59,1
57,93,29.59,1
57,93,29.62,1
57,93,29.6,1
57,96,29.62,1
57,93,29.64,1
57,93,29.64,1
57,93,29.67,1
57,93,29.67,1
57,89,29.68,1
56,93,29.7,1
56,93,29.7,1
56,90,29.69,1
56,90,29.69,1
56,90,29.7,1
56,90,29.7,1
56,93,29.69,1
56,93,29.69,1
56,93,29.71,0
56,93,29.71,0
56,93,29.7,0
56,90,29.73,0
56,90,29.73,0
56,90,29.75,0
55,89,29.78,0
55,89,29.78,0
55,86,29.79,0
54,90,29.81,0
54,86,29.82,0
53,89,29.83,0
53,86,29.82,0
53,86,29.82,0
54,86,29.81,0
53,86,29.82,0
54,83,29.81,0
52,89,29.82,1
52,77,29.82,1
52,80,29.82,1
51,71,29.83,1
50,66,29.84,1
49,69,29.86,1
48,71,29.87,1
50,66,29.89,1
50,68,29.89,1
53,59,29.89,1
54,57,29.89,1
54,55,29.88,1
55,57,29.88,1
55,59,29.87,1
53,71,29.87,0
50,80,29.87,0
51,74,29.86,0
50,77,29.86,0
50,77,29.87,0
49,80,29.87,0
49,80,29.86,0
49,83,29.85,0
49,83,29.83,0
50,80,29.81,0
49,86,29.79,0
49,86,29.78,1
49,86,29.76,1
49,86,29.75,1
48,86,29.74,1
48,86,29.74,1
49,83,29.73,1
51,77,29.72,1
51,74,29.71,1
53,66,29.71,1
52,74,29.7,1
52,77,29.7,1
52,71,29.71,1
53,71,29.68,1
53,71,29.67,1
54,72,29.65,0
54,72,29.65,0
54,69,29.65,0
53,74,29.64,0
52,83,29.65,0
51,86,29.65,0
51,86,29.66,0
51,86,29.65,0
51,83,29.64,0
51,83,29.63,0
51,83,29.62,0
50,89,29.6,0
50,89,29.6,0
50,93,29.59,1
50,93,29.59,1
50,93,29.59,1
50,93,29.59,1
50,93,29.59,1
51,89,29.59,1
51,92,29.6,1
51,92,29.6,1
51,92,29.62,1
51,92,29.62,1
52,88,29.62,1
51,96,29.62,1
52,89,29.63,1
51,92,29.62,1
52,93,29.65,1
52,89,29.64,1
52,94,29.65,1
57,87,29.64,1
56,90,29.65,1
57,83,29.66,1
60,75,29.66,1
63,67,29.64,1
66,63,29.63,1
69,57,29.61,0
65,63,29.62,0
70,55,29.62,0
68,56,29.64,0
66,63,29.65,0
64,67,29.67,0
62,75,29.67,0
61,78,29.67,0
60,75,29.67,0
53,93,29.67,0
51,96,29.66,0
52,93,29.66,0
50,93,29.67,1
48,96,29.67,1
48,93,29.67,1
47,93,29.67,1
47,93,29.69,1
50,89,29.7,1
59,64,29.71,1
65,54,29.71,1
70,46,29.71,1
73,44,29.7,1
75,41,29.69,1
76,40,29.67,1
77,40,29.65,0
78,40,29.64,0
76,43,29.64,0
73,49,29.65,0
68,59,29.65,0
61,78,29.66,0
58,87,29.67,0
61,78,29.68,0
60,72,29.69,0
58,78,29.69,0
54,86,29.69,0
51,92,29.68,0
50,93,29.69,1
48,93,29.68,1
48,96,29.68,1
49,93,29.69,1
49,93,29.7,1
48,93,29.7,1
48,93,29.7,1
48,96,29.7,1
48,96,29.7,1
50,96,29.71,1
57,87,29.72,1
64,67,29.72,1
70,51,29.72,1
74,43,29.71,1
77,39,29.69,1
79,32,29.67,1
79,32,29.65,0
80,32,29.64,0
80,34,29.64,0
77,37,29.64,0
75,41,29.64,0
72,49,29.66,0
67,61,29.71,0
63,58,29.74,0
61,62,29.78,0
60,62,29.8,0
57,59,29.82,0
56,64,29.83,0
55,67,29.85,0
54,66,29.86,1
52,66,29.86,1
50,68,29.87,1
49,71,29.88,1
48,74,29.9,1
49,71,29.91,1
53,61,29.93,1
54,59,29.94,1
55,57,29.94,1
54,53,29.94,1
56,49,29.93,1
56,47,29.91,1
56,47,29.88,0
58,46,29.88,0
58,46,29.88,0
56,47,29.87,0
51,56,29.88,0
48,63,29.89,0
47,66,29.89,0
45,71,29.89,0
42,79,29.9,0
39,86,29.91,0
40,86,29.92,0
39,86,29.92,0
34,92,29.91,1
36,89,29.9,1
35,92,29.9,1
38,89,29.91,1
37,89,29.9,1
38,89,29.92,1
44,82,29.93,1
51,68,29.94,1
59,42,29.93,1
60,38,29.92,1
61,35,29.9,1
63,34,29.87,1
64,35,29.84,0
65,32,29.82,0
64,33,29.82,0
63,34,29.81,0
56,51,29.83,0
48,71,29.84,0
47,71,29.86,0
44,79,29.87,0
43,82,29.88,0
44,82,29.88,0
41,86,29.88,0
39,93,29.88,0
39,93,29.88,1
38,93,29.87,1
37,89,29.88,1
36,93,29.89,1
36,93,29.9,1
37,93,29.92,1
46,89,29.94,1
56,57,29.95,1
61,48,29.95,1
65,37,29.94,1
67,32,29.93,1
67,30,29.91,1
69,29,29.89,0
70,29,29.89,0
69,31,29.89,0
67,36,29.89,0
57,57,29.9,0
52,71,29.91,0
50,74,29.92,0
50,74,29.94,0
50,77,29.96,0
49,90,29.96,0
45,86,29.96,0
44,89,29.97,0
43,93,29.97,1
42,96,29.97,1
40,97,29.98,1
40,97,29.99,1
39,100,30,1
42,85,30.02,1
51,80,30.03,1
59,60,30.04,1
64,46,30.04,1
69,40,30.03,1
71,36,30.01,1
73,31,29.99,1
73,31,29.97,0
73,33,29.96,0
72,34,29.94,0
69,40,29.93,0
65,45,29.94,0
61,54,29.94,0
59,58,29.95,0
58,62,29.95,0
57,67,29.95,0
52,80,29.95,0
50,83,29.94,0
47,90,29.94,0
47,86,29.93,1
44,93,29.92,1
45,90,29.92,1
44,93,29.91,1
44,96,29.9,1
48,93,29.9,1
53,89,29.9,1
57,77,29.9,1
63,63,29.88,1
66,56,29.87,1
70,51,29.84,1
73,46,29.79,1
74,46,29.75,0
72,49,29.73,0
69,57,29.72,0
68,59,29.7,0
67,63,29.71,0
67,61,29.71,0
66,63,29.69,0
65,68,29.68,0
64,70,29.67,0
65,68,29.67,0
64,70,29.64,0
64,72,29.6,0
64,75,29.58,1
63,81,29.55,1
63,81,29.55,1
62,86,29.54,1
62,90,29.51,1
62,93,29.51,1
62,93,29.51,1
62,93,29.51,1
62,93,29.49,1
62,93,29.5,1
62,93,29.49,1
62,93,29.49,1
62,93,29.49,1
63,94,29.49,1
62,93,29.48,1
62,93,29.48,1
62,93,29.49,1
63,93,29.48,1
63,93,29.48,1
62,96,29.48,1
63,94,29.48,1
64,93,29.48,1
65,93,29.46,1
65,93,29.46,1
66,90,29.45,1
67,87,29.44,1
68,84,29.42,1
69,84,29.4,1
72,76,29.38,0
72,76,29.39,0
72,76,29.37,0
71,78,29.36,0
70,81,29.37,0
67,63,29.39,0
65,70,29.4,0
64,70,29.43,0
64,68,29.42,0
61,70,29.46,0
58,78,29.49,0
56,87,29.51,0
55,89,29.52,0
55,89,29.51,0
54,93,29.52,0
54,90,29.53,1
54,93,29.53,1
54,93,29.54,1
53,96,29.54,1
52,97,29.55,1
51,96,29.57,1
54,97,29.6,1
58,81,29.63,1
61,70,29.63,1
64,48,29.63,1
66,45,29.61,1
68,39,29.59,1
68,35,29.57,0
68,37,29.58,0
67,37,29.58,0
64,41,29.59,0
59,53,29.6,0
57,53,29.62,0
56,53,29.63,0
56,53,29.65,0
51,66,29.66,0
48,80,29.67,0
45,90,29.69,0
44,93,29.69,0
45,93,29.68,1
43,93,29.68,1
45,93,29.68,1
45,90,29.69,1
43,93,29.68,1
46,89,29.67,1
50,83,29.69,1
56,67,29.68,1
62,52,29.66,1
68,43,29.63,1
72,37,29.61,1
74,33,29.59,1
76,31,29.57,0
76,33,29.57,0
75,36,29.58,0
72,41,29.58,0
68,45,29.59,0
63,56,29.6,0
63,56,29.61,0
58,70,29.62,0
53,77,29.64,0
52,83,29.64,0
49,90,29.64,0
49,90,29.65,0
48,89,29.65,1
50,89,29.66,1
54,75,29.66,1
53,77,29.66,1
51,80,29.68,1
50,80,29.68,1
56,69,29.68,1
60,51,29.67,1
62,53,29.68,1
67,39,29.67,1
68,37,29.65,1
71,36,29.61,1
71,38,29.58,0
69,44,29.57,0
67,49,29.56,0
65,54,29.54,0
65,54,29.54,0
64,60,29.53,0
62,70,29.53,0
63,70,29.52,0
60,78,29.52,0
59,83,29.52,0
58,84,29.49,0
58,87,29.47,0
57,89,29.45,1
57,89,29.43,1
57,89,29.43,1
57,89,29.41,1
56,93,29.41,1
57,89,29.42,1
57,89,29.41,1
58,90,29.4,1
61,83,29.39,1
62,80,29.4,1
64,72,29.38,1
68,59,29.36,1
69,54,29.33,1
71,51,29.29,1
69,53,29.27,0
68,52,29.27,0
65,58,29.28,0
64,54,29.27,0
57,67,29.29,0
59,49,29.32,0
56,45,29.34,0
54,45,29.35,0
52,45,29.38,0
51,43,29.39,0
50,41,29.38,0
49,41,29.38,0
46,50,29.38,1
42,53,29.38,1
41,53,29.38,1
36,67,29.39,1
34,73,29.4,1
35,76,29.4,1
45,52,29.42,1
47,48,29.42,1
50,43,29.43,1
51,44,29.43,1
53,40,29.43,1
54,38,29.41,1
52,40,29.41,0
51,41,29.43,0
52,40,29.45,0
50,43,29.46,0
47,48,29.48,0
45,52,29.5,0
44,53,29.51,0
42,58,29.51,0
39,65,29.51,0
34,79,29.51,0
36,76,29.51,0
36,79,29.52,0
38,79,29.53,1
35,78,29.52,1
38,76,29.51,1
36,79,29.51,1
35,82,29.52,1
39,76,29.53,1
40,73,29.54,1
47,61,29.55,1
51,44,29.56,1
53,41,29.56,1
55,37,29.54,1
56,34,29.54,1
54,38,29.54,0
54,38,29.54,0
53,40,29.55,0
52,43,29.56,0
50,48,29.59,0
48,50,29.62,0
47,54,29.64,0
42,65,29.65,0
42,65,29.67,0
41,70,29.67,0
38,79,29.68,0
39,79,29.68,0
38,79,29.67,1
36,86,29.67,1
35,89,29.67,1
35,85,29.68,1
33,89,29.69,1
34,89,29.7,1
41,73,29.72,1
47,63,29.72,1
53,47,29.7,1
56,37,29.69,1
58,31,29.66,1
60,25,29.63,1
61,24,29.6,0
61,22,29.59,0
61,24,29.58,0
58,28,29.58,0
55,33,29.6,0
52,40,29.62,0
51,43,29.63,0
47,54,29.65,0
43,62,29.68,0
42,70,29.7,0
45,65,29.7,0
42,70,29.71,0
37,82,29.7,1
34,85,29.7,1
34,85,29.72,1
33,85,29.75,1
34,85,29.77,1
33,89,29.79,1
45,74,29.81,1
50,57,29.83,1
56,40,29.83,1
61,32,29.83,1
64,24,29.82,1
66,23,29.79,1
65,23,29.77,0
66,24,29.76,0
65,25,29.77,0
63,28,29.77,0
62,30,29.77,0
56,40,29.77,0
53,45,29.78,0
53,45,29.8,0
52,54,29.81,0
51,63,29.82,0
44,76,29.83,0
40,83,29.85,0
41,86,29.85,0
41,89,29.84,1
42,85,29.84,1
38,89,29.84,1
37,89,29.86,1
34,89,29.87,1
35,92,29.89,1
46,79,29.91,1
51,74,29.93,1
57,53,29.92,1
63,43,29.92,1
66,37,29.91,1
69,30,29.88,1
70,30,29.87,0
70,32,29.86,0
69,31,29.87,0
66,33,29.88,0
56,51,29.87,0
55,57,29.89,0
55,62,29.9,0
47,77,29.9,0
45,80,29.92,0
45,80,29.91,0
44,82,29.91,0
42,85,29.9,0
40,93,29.91,1
41,89,29.9,1
40,89,29.92,1
43,89,29.91,1
43,86,29.91,1
44,85,29.9,1
49,74,29.93,1
50,74,29.93,1
55,64,29.93,1
51,74,29.93,1
58,60,29.92,1
57,59,29.93,1
59,58,29.93,1
61,58,29.92,1
62,67,29.91,1
63,67,29.88,1
62,67,29.9,1
65,63,29.87,0
66,60,29.86,0
66,59,29.85,0
65,61,29.84,0
63,60,29.85,0
62,62,29.86,0
62,62,29.86,0
60,72,29.86,0
60,72,29.86,0
59,78,29.86,0
58,81,29.86,0
58,84,29.86,0
57,87,29.86,0
57,87,29.84,0
57,87,29.84,0
57,89,29.84,0
57,89,29.83,1
58,87,29.82,1
58,87,29.82,1
58,87,29.81,1
57,89,29.83,1
57,89,29.82,1
58,87,29.83,1
57,88,29.83,1
58,87,29.83,1
59,83,29.84,1
60,80,29.85,1
62,75,29.84,1
63,72,29.85,1
64,70,29.84,1
66,68,29.81,1
68,63,29.81,1
67,66,29.79,1
67,66,29.81,1
67,66,29.78,0
67,66,29.77,0
67,66,29.77,0
66,70,29.77,0
62,78,29.77,0
61,81,29.79,0
61,83,29.8,0
61,83,29.79,0
60,86,29.79,0
57,93,29.78,0
56,93,29.78,0
57,93,29.78,0
58,90,29.77,0
59,90,29.76,0
60,86,29.76,1
60,86,29.76,1
58,93,29.75,1
59,90,29.75,1
59,90,29.76,1
59,90,29.76,1
59,90,29.76,1
61,83,29.77,1
62,80,29.76,1
59,90,29.75,1
62,80,29.77,1
63,78,29.77,1
63,78,29.75,1
63,78,29.74,1
64,78,29.71,1
64,78,29.71,0
65,75,29.69,0
65,75,29.67,0
65,75,29.65,0
62,80,29.65,0
61,87,29.65,0
61,87,29.65,0
61,83,29.65,0
61,83,29.64,0
61,83,29.64,0
60,83,29.63,0
59,87,29.63,0
59,83,29.61,0
58,90,29.59,0
58,87,29.6,0
58,90,29.57,1
58,90,29.59,1
58,90,29.56,1
58,90,29.55,1
58,90,29.54,1
57,93,29.55,1
57,93,29.54,1
57,93,29.54,1
59,87,29.54,1
59,87,29.54,1
59,87,29.54,1
60,83,29.54,1
61,83,29.53,1
61,87,29.51,1
61,81,29.52,1
62,86,29.49,1
62,86,29.49,1
64,78,29.46,1
64,78,29.46,0
64,75,29.45,0
67,68,29.44,0
68,68,29.44,0
66,70,29.44,0
64,75,29.46,0
65,75,29.5,0
64,70,29.53,0
62,62,29.54,0
61,58,29.56,0
60,57,29.58,0
58,62,29.6,0
56,67,29.63,0
57,64,29.64,0
56,67,29.66,1
56,64,29.68,1
55,62,29.7,1
54,64,29.73,1
53,66,29.75,1
53,66,29.79,1
55,59,29.83,1
56,55,29.86,1
58,49,29.87,1
59,48,29.88,1
61,42,29.88,1
62,41,29.86,1
64,37,29.85,0
65,36,29.86,0
65,36,29.88,0
62,35,29.9,0
60,36,29.92,0
57,42,29.94,0
52,50,29.96,0
54,45,29.98,0
52,47,30.01,0
52,49,30.02,0
50,52,30.03,0
49,52,30.04,0
48,54,30.04,1
42,70,30.05,1
45,63,30.06,1
44,65,30.08,1
43,65,30.09,1
44,65,30.11,1
47,59,30.13,1
48,58,30.14,1
52,54,30.14,1
54,55,30.14,1
56,55,30.12,1
58,53,30.1,1
59,51,30.1,0
59,51,30.09,0
59,51,30.1,0
56,62,30.11,0
53,69,30.1,0
51,74,30.11,0
50,77,30.11,0
49,77,30.13,0
47,83,30.13,0
46,83,30.14,0
43,89,30.13,0
43,86,30.12,0
41,89,30.12,1
41,89,30.11,1
41,89,30.11,1
37,93,30.11,1
41,89,30.12,1
41,89,30.12,1
45,82,30.13,1
51,68,30.15,1
56,60,30.12,1
58,51,30.12,1
61,46,30.11,1
59,49,30.12,1
62,44,30.08,1
64,38,30.06,0
64,37,30.05,0
62,38,30.04,0
60,41,30.03,0
57,51,30.03,0
48,66,30.04,0
46,68,30.03,0
45,71,30.03,0
40,77,30.02,0
38,83,30.01,0
37,89,29.99,0
36,89,29.98,0
34,92,29.97,1
33,92,29.96,1
34,89,29.96,1
32,92,29.97,1
33,89,29.95,1
32,92,29.95,1
40,83,29.97,1
46,71,29.97,1
52,61,29.96,1
57,57,29.93,1
61,52,29.89,1
62,50,29.85,1
63,48,29.85,1
63,48,29.82,0
63,48,29.81,0
59,55,29.79,0
58,60,29.78,0
56,64,29.79,0
54,69,29.81,0
52,74,29.8,0
51,77,29.8,0
50,83,29.79,0
48,86,29.77,0
50,89,29.76,0
51,86,29.75,0
51,86,29.74,1
50,86,29.73,1
46,93,29.73,1
45,93,29.72,1
46,93,29.71,1
49,93,29.74,1
53,89,29.73,1
56,87,29.75,1
58,81,29.75,1
58,78,29.74,1
59,75,29.73,1
61,72,29.71,1
65,68,29.69,1
66,68,29.67,1
65,70,29.65,0
61,90,29.66,0
60,93,29.66,0
60,93,29.66,0
60,93,29.66,0
60,93,29.66,0
59,96,29.67,0
59,96,29.67,0
59,96,29.66,0
59,96,29.67,0
59,96,29.68,0
59,96,29.67,0
59,94,29.66,0
59,96,29.66,0
60,90,29.65,0
58,93,29.66,1
58,97,29.66,1
59,96,29.67,1
56,93,29.66,1
55,96,29.66,1
51,100,29.66,1
52,100,29.66,1
54,97,29.67,1
53,100,29.67,1
52,100,29.67,1
55,100,29.68,1
56,97,29.68,1
55,100,29.7,1
55,100,29.7,1
55,100,29.7,1
55,100,29.7,1
55,100,29.7,1
56,97,29.68,1
56,100,29.7,1
57,100,29.72,1
57,100,29.72,1
59,96,29.74,1
59,96,29.74,1
59,96,29.74,1
57,100,29.72,1
58,97,29.73,1
58,97,29.73,1
61,90,29.74,1
60,93,29.74,1
62,90,29.74,1
70,68,29.75,1
71,59,29.73,1
75,50,29.72,1
74,52,29.71,0
72,51,29.73,0
73,49,29.74,0
69,53,29.75,0
66,56,29.78,0
63,63,29.81,0
61,67,29.83,0
60,72,29.84,0
59,75,29.87,0
58,78,29.87,0
58,78,29.87,0
57,81,29.88,0
54,90,29.91,1
56,84,29.91,1
57,83,29.91,1
51,89,29.94,1
49,93,29.95,1
54,86,29.97,1
58,81,30,1
61,72,30.03,1
65,58,30.03,1
66,54,30.01,1
68,50,30,1
69,47,29.97,1
68,45,29.95,0
68,47,29.95,0
67,49,29.95,0
63,58,29.95,0
57,72,29.96,0
57,72,29.98,0
54,80,29.98,0
52,86,30,0
51,86,30.01,0
51,89,29.99,0
49,90,29.99,0
50,89,30,0
51,89,30,0
50,89,30,1
49,90,30,1
49,90,30,1
48,86,30,1
46,93,30.01,1
50,93,30.05,1
57,72,30.07,1
62,62,30.06,1
64,56,30.05,1
66,52,30.03,1
68,47,30.01,0
69,45,29.99,0
70,44,29.98,0
69,45,29.98,0
65,52,29.97,0
60,62,29.98,0
53,77,30,0
54,77,30,0
52,86,30,0
50,89,30,0
50,86,30.01,0
48,89,30,0
47,93,29.99,0
46,93,29.99,1
46,93,29.98,1
45,93,29.98,1
44,93,29.99,1
45,97,29.99,1
45,97,30.01,1
51,92,30.03,1
58,81,30.05,1
65,70,30.04,1
69,58,30.02,1
72,55,30,1
74,50,29.97,0
76,46,29.94,0
74,48,29.93,0
73,49,29.92,0
70,57,29.92,0
67,63,29.92,0
66,68,29.93,0
67,70,29.93,0
65,78,29.93,0
67,79,29.92,0
67,79,29.91,0
67,81,29.89,0
66,84,29.88,0
66,87,29.87,0
66,87,29.86,1
66,87,29.85,1
65,90,29.86,1
65,90,29.85,1
65,90,29.85,1
66,87,29.87,1
70,78,29.88,1
74,68,29.86,1
77,62,29.84,1
76,62,29.85,1
78,56,29.83,1
79,52,29.8,1
80,50,29.78,0
80,45,29.77,0
79,45,29.76,0
77,48,29.76,0
79,47,29.76,0
74,55,29.76,0
72,68,29.76,0
71,73,29.77,0
70,76,29.78,0
70,78,29.78,0
70,76,29.77,0
69,78,29.76,1
69,81,29.76,1
68,81,29.78,1
66,90,29.8,1
66,90,29.81,1
66,93,29.82,1
67,90,29.84,1
67,90,29.83,1
68,90,29.85,1
68,88,29.86,1
67,90,29.84,1
69,90,29.85,1
71,84,29.85,1
73,79,29.85,1
73,79,29.84,1
75,73,29.82,0
77,69,29.8,0
72,83,29.81,0
70,93,29.81,0
70,90,29.81,0
72,81,29.81,0
77,66,29.8,0
72,94,29.81,0
71,93,29.81,0
70,97,29.81,0
71,90,29.81,0
70,90,29.82,0
70,90,29.83,0
69,90,29.83,0
68,93,29.84,0
68,93,29.83,0
69,90,29.83,0
68,93,29.83,0
68,93,29.84,1
65,97,29.84,1
67,97,29.84,1
67,97,29.86,1
66,96,29.88,1
64,100,29.89,1
65,97,29.9,1
71,70,29.92,1
71,66,29.94,1
73,46,29.94,1
75,36,29.94,1
77,29,29.93,1
78,28,29.92,0
78,27,29.91,0
78,25,29.91,0
77,28,29.91,0
73,31,29.92,0
72,34,29.94,0
66,40,29.96,0
65,40,29.97,0
62,39,29.98,0
63,26,30.02,0
61,26,30.04,0
60,25,30.06,0
58,26,30.08,1
56,27,30.1,1
54,29,30.12,1
52,35,30.14,1
50,41,30.17,1
49,46,30.19,1
47,52,30.22,1
48,52,30.24,1
49,50,30.26,1
52,47,30.26,1
54,43,30.25,1
56,42,30.23,1
58,37,30.21,0
60,33,30.19,0
60,32,30.19,0
59,35,30.2,0
57,37,30.2,0
54,40,30.21,0
53,43,30.23,0
52,45,30.24,0
51,44,30.24,0
47,54,30.24,0
49,48,30.24,0
46,54,30.25,0
47,50,30.24,0
45,53,30.25,1
44,55,30.26,1
37,73,30.26,1
38,73,30.28,1
34,79,30.28,1
35,76,30.29,1
44,53,30.3,1
48,44,30.31,1
51,43,30.31,1
53,43,30.3,1
57,37,30.27,1
59,36,30.24,0
59,36,30.21,0
59,35,30.2,0
58,39,30.19,0
55,47,30.17,0
51,56,30.17,0
49,64,30.17,0
48,68,30.16,0
48,71,30.16,0
47,74,30.16,0
43,80,30.15,0
41,86,30.14,0
40,86,30.12,0
38,89,30.12,1
37,89,30.1,1
42,85,30.09,1
41,86,30.09,1
43,86,30.09,1
40,86,30.09,1
43,86,30.08,1
47,80,30.07,1
53,66,30.08,1
56,64,30.06,1
60,60,30.05,1
63,56,30.01,1
66,54,29.97,0
69,54,29.94,0
68,55,29.92,0
67,59,29.91,0
65,63,29.89,0
62,67,29.89,0
61,72,29.88,0
62,70,29.87,0
61,72,29.86,0
62,72,29.85,0
60,78,29.83,0
60,80,29.81,0
61,78,29.79,0
61,78,29.77,1
60,80,29.74,1
61,81,29.71,1
61,87,29.7,1
60,93,29.67,1
61,87,29.69,1
61,93,29.65,1
62,96,29.62,1
61,97,29.64,1
63,93,29.62,1
64,94,29.59,1
64,96,29.59,1
65,93,29.59,1
65,93,29.58,1
66,93,29.57,1
66,96,29.57,1
67,97,29.54,1
67,97,29.54,1
67,97,29.54,1
70,93,29.5,1
70,93,29.51,1
70,93,29.49,1
71,93,29.44,0
71,93,29.44,0
72,91,29.4,0
72,91,29.38,0
72,94,29.38,0
73,87,29.35,0
73,87,29.35,0
73,87,29.32,0
72,91,29.28,0
73,87,29.25,0
73,87,29.22,0
73,87,29.18,0
73,84,29.17,0
71,90,29.14,0
70,90,29.14,0
69,90,29.14,0
68,93,29.14,1
68,90,29.16,1
67,87,29.19,1
66,90,29.19,1
65,84,29.23,1
63,84,29.27,1
65,81,29.32,1
65,70,29.36,1
63,72,29.4,1
63,63,29.45,1
64,60,29.45,1
66,59,29.45,1
69,53,29.45,1
69,53,29.42,1
69,53,29.39,0
73,46,29.37,0
71,51,29.38,0
71,51,29.38,0
68,59,29.38,0
65,65,29.39,0
64,67,29.4,0
61,72,29.41,0
61,70,29.45,0
55,55,29.49,0
53,57,29.52,0
51,52,29.54,0
48,58,29.55,0
48,58,29.55,1
47,59,29.58,1
45,60,29.59,1
45,58,29.62,1
44,58,29.64,1
44,58,29.66,1
43,60,29.69,1
46,51,29.71,1
46,47,29.72,1
47,48,29.73,1
46,50,29.73,1
46,46,29.73,0
46,44,29.74,0
46,42,29.75,0
45,44,29.78,0
44,43,29.8,0
43,47,29.83,0
43,45,29.85,0
40,51,29.88,0
39,53,29.89,0
41,47,29.89,0
42,47,29.9,0
41,51,29.91,0
40,55,29.92,0
39,55,29.93,1
37,57,29.94,1
36,62,29.94,1
35,61,29.98,1
30,72,29.99,1
29,75,30.02,1
37,62,30.04,1
42,51,30.06,1
44,45,30.06,1
46,40,30.06,1
47,42,30.04,1
49,39,30.02,0
49,38,30.01,0
49,38,30,0
47,41,30,0
44,45,30.01,0
39,57,30.02,0
37,62,30.03,0
37,62,30.04,0
37,62,30.05,0
37,65,30.06,0
35,67,30.06,0
36,64,30.05,0
31,79,30.06,0
29,82,30.05,1
31,82,30.05,1
29,85,30.07,1
29,82,30.07,1
29,85,30.07,1
30,82,30.08,1
34,79,30.07,1
37,76,30.06,1
39,73,30.06,1
39,73,30.04,1
39,75,30.02,1
39,75,30.03,1
39,76,30.01,1
39,76,30.01,1
39,79,29.98,0
39,86,29.91,0
39,89,29.88,0
40,86,29.92,0
40,86,29.9,0
39,89,29.87,0
38,93,29.88,0
38,93,29.88,0
39,89,29.93,0
38,93,29.88,0
38,93,29.85,0
38,89,29.82,0
37,93,29.82,0
37,93,29.8,0
38,93,29.78,0
38,93,29.77,0
38,97,29.72,0
39,89,29.71,0
39,89,29.71,0
38,93,29.71,0
38,97,29.69,0
39,93,29.68,0
38,93,29.67,1
38,93,29.67,1
38,93,29.67,1
37,93,29.66,1
37,93,29.67,1
38,89,29.66,1
38,89,29.66,1
38,89,29.67,1
38,93,29.68,1
37,93,29.69,1
35,96,29.7,1
38,93,29.71,1
44,79,29.72,1
46,73,29.72,1
50,66,29.71,1
50,61,29.71,1
48,58,29.7,0
50,50,29.68,0
48,52,29.69,0
46,54,29.69,0
44,58,29.7,0
43,58,29.71,0
43,56,29.72,0
42,51,29.72,0
42,51,29.72,0
41,53,29.71,0
41,53,29.71,0
41,53,29.69,0
37,59,29.69,0
35,67,29.68,1
39,55,29.69,1
39,50,29.69,1
36,52,29.7,1
36,50,29.72,1
36,46,29.72,1
38,43,29.74,1
40,41,29.76,1
41,43,29.78,1
42,43,29.78,1
40,47,29.79,1
43,43,29.78,0
42,45,29.78,0
40,47,29.78,0
40,47,29.8,0
38,51,29.81,0
38,51,29.82,0
38,51,29.83,0
37,54,29.84,0
37,54,29.84,0
37,54,29.85,0
36,55,29.85,0
35,54,29.85,0
30,66,29.84,0
29,72,29.83,0
27,75,29.83,1
27,75,29.84,1
29,72,29.85,1
30,69,29.86,1
31,69,29.87,1
28,72,29.88,1
30,72,29.89,1
35,59,29.87,1
39,50,29.86,1
42,41,29.85,1
44,40,29.83,1
46,37,29.81,0
47,37,29.78,0
46,39,29.77,0
45,40,29.77,0
45,44,29.77,0
45,42,29.79,0
44,42,29.83,0
37,52,29.87,0
36,50,29.89,0
34,52,29.91,0
31,61,29.91,0
33,56,29.91,0
31,59,29.92,1
32,54,29.92,1
31,54,29.92,1
28,61,29.92,1
28,69,29.93,1
28,69,29.95,1
29,69,29.96,1
32,66,29.96,1
36,55,29.95,1
40,47,29.93,1
43,38,29.89,1
43,35,29.85,0
45,30,29.82,0
46,28,29.79,0
45,27,29.76,0
42,37,29.75,0
40,40,29.74,0
33,56,29.74,0
35,50,29.74,0
34,52,29.72,0
30,64,29.71,0
28,66,29.7,0
29,64,29.7,0
27,69,29.72,0
35,42,29.74,1
34,40,29.75,1
34,38,29.78,1
34,37,29.8,1
34,37,29.82,1
31,47,29.87,1
31,40,29.92,1
32,35,29.94,1
33,32,29.97,1
34,30,29.96,1
36,27,29.95,1
37,25,29.93,0
38,23,29.94,0
38,22,29.95,0
37,21,29.96,0
34,25,29.99,0
33,27,30.01,0
33,28,30.03,0
30,35,30.05,0
33,29,30.06,0
29,36,30.07,0
31,32,30.08,0
27,39,30.09,0
25,46,30.1,0
24,51,30.12,1
21,60,30.14,1
19,68,30.14,1
23,55,30.16,1
19,68,30.16,1
22,60,30.16,1
25,63,30.16,1
32,44,30.17,1
35,35,30.15,1
39,30,30.12,1
43,26,30.08,1
46,24,30.04,0
47,25,30.01,0
48,27,29.98,0
48,27,29.97,0
44,32,29.97,0
41,36,29.97,0
41,36,29.96,0
39,39,29.96,0
40,38,29.96,0
39,39,29.97,0
36,46,29.99,0
35,46,30,0
32,54,30.01,0
29,61,30.02,1
27,66,30.03,1
26,69,30.02,1
26,69,30.03,1
25,72,30.03,1
24,75,30.05,1
30,69,30.06,1
39,55,30.07,1
49,35,30.06,1
53,25,30.04,1
54,21,30.01,1
57,19,29.97,0
58,19,29.95,0
58,19,29.93,0
57,20,29.92,0
52,25,29.92,0
48,29,29.92,0
46,31,29.92,0
40,43,29.91,0
36,55,29.91,0
33,61,29.91,0
35,57,29.9,0
33,59,29.89,0
29,69,29.88,0
29,69,29.89,1
28,72,29.9,1
26,78,29.9,1
26,78,29.9,1
27,75,29.91,1
25,78,29.92,1
28,81,29.93,1
40,60,29.95,1
51,36,29.96,1
58,24,29.95,1
59,25,29.94,1
61,23,29.92,0
62,22,29.9,0
62,22,29.89,0
61,25,29.9,0
53,37,29.91,0
49,41,29.92,0
46,46,29.94,0
39,60,29.95,0
36,67,29.97,0
35,70,29.98,0
33,72,29.98,0
31,76,29.99,0
30,79,30,0
30,82,30,1
28,85,30,1
28,85,30,1
27,81,30.01,1
28,81,30.01,1
28,85,30.02,1
29,85,30.04,1
39,67,30.06,1
44,60,30.05,1
52,47,30.05,1
55,37,30.02,1
59,32,29.98,0
56,36,30.01,0
60,30,29.96,0
60,28,29.94,0
59,29,29.92,0
53,37,29.92,0
50,43,29.91,0
49,46,29.91,0
49,50,29.9,0
45,63,29.87,0
39,73,29.85,0
44,68,29.84,0
41,76,29.83,0
45,74,29.8,0
48,71,29.77,1
48,74,29.75,1
48,71,29.71,1
48,71,29.7,1
46,79,29.68,1
45,86,29.65,1
46,86,29.65,1
46,89,29.62,1
47,90,29.63,1
48,80,29.61,1
55,67,29.58,1
60,55,29.55,0
61,46,29.55,0
61,46,29.57,0
58,42,29.59,0
55,42,29.61,0
50,50,29.64,0
50,48,29.66,0
50,46,29.68,0
49,48,29.7,0
47,54,29.71,0
46,56,29.72,0
44,58,29.74,0
38,70,29.76,0
39,70,29.76,1
44,55,29.78,1
35,76,29.78,1
33,78,29.79,1
30,88,29.8,1
31,82,29.81,1
35,78,29.82,1
48,54,29.82,1
51,46,29.84,1
55,37,29.82,1
58,32,29.8,1
59,32,29.76,0
61,27,29.75,0
62,26,29.74,0
59,31,29.73,0
50,48,29.73,0
45,53,29.72,0
44,58,29.73,0
42,60,29.74,0
40,65,29.73,0
43,60,29.71,0
40,70,29.69,0
42,62,29.67,0
43,62,29.65,0
46,56,29.63,0
42,65,29.62,1
47,59,29.59,1
43,71,29.57,1
43,74,29.56,1
44,68,29.54,1
45,71,29.54,1
50,61,29.5,1
51,61,29.49,1
52,66,29.48,1
52,66,29.47,1
51,74,29.42,1
49,90,29.36,1
49,90,29.38,1
49,90,29.38,1
49,90,29.39,1
50,80,29.4,1
48,96,29.28,0
49,97,29.24,0
50,93,29.19,0
50,93,29.19,0
50,93,29.17,0
50,93,29.18,0
50,96,29.13,0
50,96,29.12,0
50,96,29.12,0
52,97,29.12,0
53,93,29.14,0
54,94,29.16,0
53,96,29.16,0
53,93,29.17,0
53,93,29.17,0
52,97,29.19,0
49,97,29.2,0
48,93,29.2,0
49,97,29.19,0
49,97,29.19,0
49,97,29.19,0
50,93,29.19,0
48,96,29.2,0
47,97,29.21,0
47,97,29.21,0
48,100,29.22,0
48,96,29.22,0
49,93,29.23,0
49,97,29.25,1
49,97,29.26,1
50,96,29.28,1
50,96,29.29,1
55,67,29.32,1
54,69,29.36,1
51,71,29.42,1
51,59,29.47,1
50,59,29.52,1
53,52,29.52,1
52,53,29.54,1
52,53,29.54,0
52,54,29.54,0
51,56,29.57,0
51,56,29.6,0
50,59,29.64,0
49,59,29.66,0
48,61,29.69,0
45,65,29.71,0
44,65,29.74,0
38,76,29.75,0
44,63,29.78,0
36,79,29.78,0
34,82,29.8,0
33,89,29.81,1
31,92,29.82,1
32,88,29.82,1
33,89,29.85,1
36,89,29.87,1
37,89,29.89,1
39,89,29.92,1
43,76,29.94,1
47,66,29.96,1
48,58,29.96,1
49,54,29.93,1
47,66,29.86,0
46,66,29.85,0
45,68,29.86,0
45,68,29.83,0
46,71,29.82,0
45,74,29.78,0
47,74,29.76,1
47,77,29.73,1
47,80,29.71,1
47,77,29.72,1
48,80,29.68,1
47,90,29.67,1
47,90,29.67,1
47,93,29.66,1
47,93,29.65,1
46,93,29.64,1
47,93,29.64,1
49,93,29.62,1
51,89,29.58,1
52,88,29.52,1
51,92,29.56,1
52,89,29.51,1
54,86,29.51,1
55,86,29.46,1
55,86,29.47,1
54,86,29.5,1
55,89,29.42,0
57,87,29.41,0
58,84,29.42,0
56,55,29.47,0
56,51,29.48,0
58,84,29.44,0
54,34,29.54,0
55,35,29.5,0
56,44,29.49,0
51,33,29.58,0
48,33,29.65,0
46,35,29.65,0
41,45,29.68,0
42,45,29.71,0
40,45,29.72,0
39,45,29.74,0
38,43,29.75,0
39,41,29.78,1
36,48,29.83,1
36,46,29.86,1
36,44,29.89,1
33,50,29.93,1
34,50,29.97,1
35,46,30,1
37,44,30.06,1
38,43,30.07,1
40,40,30.09,1
41,38,30.09,1
44,35,30.1,0
45,30,30.09,0
45,29,30.09,0
44,31,30.1,0
40,36,30.13,0
42,34,30.12,0
38,41,30.13,0
38,43,30.14,0
36,48,30.15,0
36,48,30.15,0
33,54,30.15,0
31,61,30.17,0
28,72,30.18,0
27,72,30.18,0
25,75,30.18,1
25,75,30.17,1
23,78,30.17,1
23,81,30.18,1
22,82,30.19,1
22,85,30.2,1
27,81,30.21,1
32,73,30.21,1
40,58,30.19,1
44,49,30.17,1
48,39,30.14,1
50,32,30.1,0
50,29,30.08,0
49,32,30.07,0
50,33,30.07,0
48,36,30.07,0
47,37,30.07,0
44,42,30.06,0
45,42,30.05,0
48,39,30.03,0
47,42,30.01,0
48,42,29.99,0
49,44,29.98,0
49,48,29.96,0
48,63,29.93,1
49,66,29.92,1
50,71,29.87,1
49,74,29.88,1
51,71,29.85,1
51,71,29.85,1
52,71,29.84,1
52,74,29.84,1
50,89,29.85,1
51,89,29.83,1
51,92,29.82,1
51,92,29.82,1
51,92,29.84,1
53,89,29.79,1
53,89,29.79,1
52,89,29.81,1
53,89,29.79,1
54,90,29.77,1
57,83,29.74,1
56,87,29.74,1
61,75,29.7,0
60,75,29.68,0
61,72,29.67,0
61,72,29.68,0
60,75,29.72,0
60,55,29.76,0
57,45,29.8,0
54,35,29.84,0
51,41,29.87,0
48,48,29.89,0
44,51,29.91,0
45,48,29.91,0
41,55,29.9,0
40,60,29.93,1
37,67,29.94,1
38,62,29.94,1
38,60,29.93,1
35,67,29.93,1
34,70,29.94,1
35,67,29.94,1
38,60,29.94,1
39,55,29.95,1
42,49,29.94,1
44,42,29.91,1
43,42,29.89,0
46,31,29.88,0
46,31,29.88,0
47,30,29.86,0
39,46,29.85,0
33,59,29.88,0
33,61,29.86,0
30,69,29.89,0
29,72,29.87,0
27,78,29.88,0
26,78,29.87,0
26,78,29.87,0
25,81,29.86,0
25,81,29.86,1
23,85,29.86,1
25,81,29.86,1
23,85,29.87,1
22,89,29.88,1
22,89,29.89,1
25,85,29.91,1
31,85,29.92,1
37,73,29.94,1
43,65,29.92,1
46,58,29.89,1
48,48,29.88,0
50,44,29.87,0
50,43,29.86,0
48,44,29.86,0
44,43,29.87,0
42,53,29.89,0
41,55,29.88,0
37,65,29.91,0
32,79,29.91,0
31,79,29.9,0
36,82,29.9,0
35,85,29.89,0
31,85,29.89,0
32,92,29.9,1
31,89,29.9,1
33,89,29.9,1
34,89,29.91,1
36,86,29.9,1
39,82,29.89,1
39,86,29.88,1
41,86,29.88,1
41,86,29.88,1
40,86,29.88,1
41,82,29.89,1
42,82,29.9,1
41,89,29.92,1
42,92,29.91,1
42,89,29.91,1
44,93,29.91,1
44,93,29.91,1
45,86,29.9,1
45,90,29.9,1
45,90,29.9,1
47,93,29.86,0
47,90,29.86,0
46,86,29.88,0
48,89,29.85,0
48,93,29.84,0
48,93,29.85,0
48,93,29.86,0
47,93,29.85,0
48,89,29.86,0
48,89,29.85,0
48,93,29.86,0
48,93,29.85,0
49,93,29.85,0
50,89,29.84,0
49,93,29.85,0
49,93,29.85,0
50,93,29.84,0
50,93,29.85,1
50,93,29.84,1
51,92,29.82,1
51,92,29.82,1
51,92,29.84,1
51,92,29.82,1
51,92,29.86,1
51,92,29.85,1
51,92,29.84,1
52,93,29.85,1
52,93,29.85,1
52,93,29.86,1
53,93,29.85,1
53,93,29.83,1
54,90,29.81,0
54,90,29.78,0
55,89,29.78,0
55,89,29.79,0
53,93,29.79,0
54,93,29.8,0
54,97,29.81,0
53,89,29.8,0
54,93,29.81,0
54,93,29.81,0
54,93,29.82,0
53,100,29.83,0
52,97,29.85,0
52,97,29.85,0
52,97,29.86,0
52,100,29.85,0
52,97,29.86,0
50,100,29.86,0
50,96,29.86,0
50,96,29.87,0
48,96,29.87,0
49,100,29.86,0
44,96,29.87,1
44,96,29.87,1
43,97,29.89,1
44,96,29.89,1
49,90,29.89,1
50,80,29.91,1
50,77,29.93,1
51,74,29.92,1
54,66,29.94,1
56,60,29.94,1
55,59,29.97,1
57,53,29.95,1
56,51,29.93,0
55,53,29.9,0
56,51,29.89,0
55,53,29.89,0
54,55,29.9,0
53,55,29.9,0
52,57,29.91,0
52,57,29.91,0
50,61,29.93,0
49,66,29.92,0
49,64,29.94,0
48,63,29.93,0
47,63,29.93,0
46,63,29.92,0
44,65,29.94,1
42,70,29.95,1
42,70,29.95,1
40,70,29.95,1
39,67,29.95,1
38,68,29.96,1
39,62,29.96,1
41,57,29.97,1
44,53,29.98,1
46,50,29.97,1
48,46,29.95,1
49,44,29.93,0
49,44,29.91,0
49,43,29.9,0
49,43,29.9,0
42,53,29.91,0
39,60,29.91,0
42,55,29.92,0
37,65,29.94,0
36,67,29.95,0
32,75,29.95,0
31,76,29.94,0
30,75,29.94,0
30,79,29.95,0
30,79,29.95,1
28,81,29.95,1
31,82,29.96,1
33,78,29.96,1
33,78,29.98,1
35,76,29.99,1
35,67,30,1
36,62,30.01,1
37,57,30.02,1
38,53,30.02,1
40,51,30,1
41,51,29.99,0
41,51,29.97,0
42,51,29.96,0
42,53,29.96,0
42,55,29.96,0
41,60,29.96,0
41,62,29.96,0
41,62,29.97,0
41,62,29.97,0
40,68,29.96,0
41,67,29.95,0
42,70,29.94,0
41,76,29.92,0
42,73,29.92,1
42,76,29.94,1
41,79,29.91,1
41,79,29.92,1
41,82,29.89,1
41,86,29.9,1
41,86,29.89,1
41,86,29.88,1
41,86,29.88,1
41,89,29.88,1
41,93,29.88,1
42,89,29.87,1
42,92,29.84,1
43,89,29.8,1
45,80,29.77,0
44,82,29.79,0
46,79,29.76,0
45,80,29.76,0
46,79,29.74,0
47,74,29.74,0
44,79,29.74,0
42,85,29.75,0
42,82,29.75,0
43,80,29.76,0
42,85,29.77,0
41,86,29.77,0
34,96,29.77,0
37,89,29.77,0
39,82,29.77,0
40,79,29.76,0
42,70,29.78,1
43,60,29.78,1
43,56,29.79,1
42,58,29.8,1
42,53,29.81,1
41,53,29.83,1
41,55,29.84,1
42,53,29.86,1
42,55,29.88,1
41,57,29.89,1
41,57,29.88,1
41,55,29.87,0
42,55,29.87,0
41,55,29.88,0
41,55,29.89,0
40,58,29.9,0
40,58,29.92,0
40,58,29.93,0
39,60,29.94,0
40,58,29.94,0
40,58,29.94,0
40,55,29.94,0
40,51,29.94,0
38,68,29.95,0
37,62,29.97,1
36,62,29.98,1
35,67,29.98,1
34,67,29.98,1
32,69,29.99,1
31,69,29.99,1
31,69,30.01,1
33,61,30.02,1
36,57,30.03,1
37,52,30.03,1
39,50,29.99,1
41,47,29.96,0
43,37,29.95,0
43,37,29.95,0
43,40,29.94,0
38,44,29.94,0
32,59,29.94,0
35,50,29.94,0
28,66,29.93,0
27,69,29.91,0
26,71,29.9,0
24,75,29.89,0
23,81,29.88,0
22,82,29.87,0
22,78,29.9,1
21,78,29.88,1
21,81,29.86,1
21,85,29.86,1
22,82,29.88,1
22,85,29.88,1
23,81,29.89,1
30,72,29.9,1
32,66,29.9,1
36,59,29.88,1
39,43,29.87,1
40,40,29.84,0
41,38,29.83,0
41,36,29.83,0
39,39,29.84,0
39,43,29.83,0
39,46,29.83,0
38,48,29.83,0
38,47,29.84,0
38,48,29.83,0
38,48,29.84,0
38,51,29.83,0
38,53,29.84,0
37,57,29.84,0
37,62,29.82,0
37,57,29.83,0
35,82,29.83,1
35,85,29.82,1
34,89,29.83,1
34,89,29.82,1
33,92,29.82,1
33,92,29.81,1
33,89,29.82,1
33,92,29.81,1
33,92,29.81,1
34,92,29.76,1
34,92,29.75,1
34,92,29.75,1
34,92,29.77,1
34,92,29.76,1
34,92,29.76,1
35,89,29.75,1
35,89,29.74,1
35,92,29.73,1
35,92,29.73,1
35,92,29.7,1
36,89,29.67,1
35,92,29.71,1
35,92,29.72,1
36,93,29.62,1
36,93,29.62,1
36,93,29.61,1
37,93,29.59,0
37,93,29.58,0
37,93,29.55,0
39,93,29.49,0
39,93,29.51,0
39,93,29.5,0
39,93,29.52,0
39,93,29.51,0
37,96,29.5,0
37,96,29.51,0
37,93,29.5,0
37,96,29.51,0
37,93,29.5,0
38,93,29.46,0
38,93,29.43,0
38,93,29.42,0
38,93,29.41,0
40,93,29.39,0
39,96,29.39,0
39,93,29.38,0
39,93,29.38,0
38,97,29.37,0
38,93,29.37,0
38,93,29.38,1
38,93,29.39,1
39,89,29.4,1
39,89,29.4,1
39,93,29.39,1
39,89,29.39,1
39,93,29.42,1
38,89,29.42,1
39,86,29.43,1
42,76,29.45,1
46,68,29.46,1
48,63,29.44,1
50,54,29.41,1
50,52,29.39,0
48,52,29.41,0
47,54,29.41,0
47,56,29.42,0
45,56,29.44,0
43,56,29.45,0
40,63,29.46,0
38,68,29.45,0
34,82,29.45,0
36,79,29.46,0
38,73,29.46,0
35,78,29.45,0
35,76,29.44,0
34,82,29.45,1
34,79,29.47,1
35,76,29.47,1
35,70,29.46,1
34,67,29.49,1
35,64,29.51,1
36,67,29.52,1
41,57,29.54,1
42,49,29.54,1
46,40,29.54,1
44,43,29.5,1
45,40,29.47,0
46,37,29.46,0
45,40,29.47,0
45,40,29.49,0
42,45,29.5,0
41,47,29.51,0
41,49,29.53,0
41,49,29.53,0
41,49,29.54,0
40,51,29.54,0
37,62,29.56,0
38,60,29.55,0
38,60,29.56,0
37,65,29.57,1
35,72,29.57,1
35,72,29.57,1
34,79,29.58,1
34,67,29.59,1
36,59,29.62,1
35,59,29.63,1
37,54,29.65,1
41,47,29.66,1
40,49,29.68,1
41,45,29.67,1
41,41,29.66,0
40,45,29.67,0
40,45,29.69,0
38,44,29.73,0
36,46,29.79,0
34,50,29.81,0
34,50,29.84,0
34,50,29.84,0
31,54,29.86,0
30,54,29.87,0
31,57,29.88,0
29,64,29.89,0
29,61,29.89,0
26,69,29.92,1
26,66,29.94,1
29,61,29.94,1
30,61,29.95,1
30,59,29.96,1
28,63,29.97,1
31,59,29.99,1
34,52,30.01,1
36,48,30.03,1
38,47,30.02,1
40,43,30,1
41,41,29.98,0
43,38,29.98,0
41,40,29.98,0
40,41,29.99,0
38,44,30,0
36,48,30.04,0
34,54,30.07,0
31,57,30.09,0
30,59,30.11,0
30,59,30.13,0
30,59,30.12,0
30,59,30.12,0
29,61,30.11,0
29,61,30.12,1
27,66,30.13,1
24,75,30.13,1
24,75,30.14,1
24,75,30.15,1
25,72,30.14,1
24,75,30.14,1
29,69,30.17,1
33,59,30.18,1
36,52,30.17,1
37,50,30.14,1
38,48,30.11,0
39,46,30.09,0
40,45,30.08,0
39,46,30.08,0
36,55,30.1,0
34,56,30.11,0
34,56,30.11,0
29,67,30.12,0
27,72,30.11,0
26,75,30.11,0
25,78,30.1,0
23,81,30.11,0
23,81,30.12,0
22,85,30.12,1
22,82,30.14,1
21,85,30.13,1
20,89,30.12,1
20,85,30.13,1
20,85,30.14,1
22,82,30.16,1
30,75,30.17,1
35,64,30.17,1
39,55,30.17,1
42,47,30.15,1
43,45,30.13,0
45,40,30.11,0
45,40,30.1,0
45,40,30.1,0
38,55,30.09,0
37,54,30.07,0
32,66,30.09,0
